CREATE TABLE Club(
    CIF CHAR(9) PRIMARY KEY,
    Nombre VARCHAR(40) NOT NULL UNIQUE,
    Sede VARCHAR(30) NOT NULL,
    Num_Socios INTEGER NOT NULL,
    CONSTRAINT NumSociosPositivos CHECK (Num_Socios >= 0)
);

CREATE TABLE Persona(
    NIF CHAR(9) PRIMARY KEY,
    Nombre VARCHAR(20) NOT NULL
);

CREATE TABLE Arbitro(
    NIF CHAR(9) PRIMARY KEY REFERENCES Persona(NIF) ON DELETE CASCADE,
    Colegio VARCHAR(20) NOT NULL,
    Fecha_colegiatura DATE NOT NULL
);

CREATE TABLE Jugador(
    NIF CHAR(9) PRIMARY KEY REFERENCES Persona(NIF) ON DELETE CASCADE,
    Altura DECIMAL(3,2) NOT NULL CHECK (Altura > 0),
    CIF CHAR(9) NOT NULL REFERENCES Club(CIF)
);

CREATE TABLE Enfrenta(
    CIF_local CHAR(9) NOT NULL REFERENCES Club(CIF),
    CIF_visitante CHAR(9) NOT NULL REFERENCES Club(CIF),
    GolesLocal INTEGER NOT NULL CHECK (GolesLocal >= 0),
    GolesVisitante INTEGER NOT NULL CHECK (GolesVisitante >= 0),
    Fecha DATE NOT NULL,
    NIF CHAR(9) NOT NULL REFERENCES Arbitro(NIF),
    
    CONSTRAINT PKEnfrenta PRIMARY KEY (CIF_local, CIF_visitante),
    CONSTRAINT DosClubes CHECK (CIF_local <> CIF_visitante)
);

CREATE TABLE Asiste(
    CIF_local CHAR(9) NOT NULL,
    CIF_visitante CHAR(9) NOT NULL,
    NIF CHAR(9) NOT NULL REFERENCES Persona(NIF),
    
    CONSTRAINT FGEnfrentamiento FOREIGN KEY (CIF_local,CIF_visitante) REFERENCES Enfrenta(CIF_local, CIF_visitante)
);


INSERT INTO Club VALUES ('11111111X', 'Real Madrid CF', 'Concha Espina', 70000);
INSERT INTO Club VALUES ('11111112X', 'Futbol Club Barcelona', 'Aristides Maillol', 80000);
INSERT INTO Club VALUES ('11111113X', 'Paris Saint-Germain Football Club', 'Rue du Commandant Guilbaud', 1000);

INSERT INTO Persona VALUES ('00000001X', 'Peter Johnoson');
INSERT INTO Persona VALUES ('00000002X', 'Ana Lopez');
INSERT INTO Persona VALUES ('00000003X', 'Mejuto Gonzalez');
INSERT INTO Persona VALUES ('00000004X', 'Velasco Carballo');
INSERT INTO Persona VALUES ('00000005X', 'Eden Hazard');
INSERT INTO Persona VALUES ('00000006X', 'Lionel Messi');
INSERT INTO Persona VALUES ('00000007X', 'Kylian Mbappe');
INSERT INTO Persona VALUES ('00000008X', 'Thibaut Courtois');
INSERT INTO Persona VALUES ('00000009X', 'José Luis Munuera');
INSERT INTO Persona VALUES ('00000010X', 'Paco Gento');

INSERT INTO Arbitro VALUES ('00000003X', 'Navarro', TO_DATE('2012-06-05', 'YYYY-MM-DD'));
INSERT INTO Arbitro VALUES ('00000004X', 'Andaluz', TO_DATE('2015-08-12', 'YYYY-MM-DD'));
INSERT INTO Arbitro VALUES ('00000009X', 'Valenciano',TO_DATE('2017-01-11', 'YYYY-MM-DD'));

INSERT INTO Jugador VALUES ('00000005X', 1.89, '11111111X');
INSERT INTO Jugador VALUES ('00000006X', 1.7, '11111112X');
INSERT INTO Jugador VALUES ('00000007X', 1.85, '11111113X');
INSERT INTO Jugador VALUES ('00000008X', 1.95, '11111111X');

INSERT INTO Enfrenta VALUES ('11111111X', '11111112X', 3, 2, TO_DATE('2015-06-05', 'YYYY-MM-DD'), '00000003X');
INSERT INTO Enfrenta VALUES ('11111111X', '11111113X', 2, 1, TO_DATE('2015-06-12', 'YYYY-MM-DD'), '00000003X');
INSERT INTO Enfrenta VALUES ('11111112X', '11111111X', 2, 2, TO_DATE('2015-04-29', 'YYYY-MM-DD'), '00000003X');
INSERT INTO Enfrenta VALUES ('11111112X', '11111113X', 3, 2, TO_DATE('2015-04-22', 'YYYY-MM-DD'), '00000004X');
INSERT INTO Enfrenta VALUES ('11111113X', '11111111X', 0, 2, TO_DATE('2015-03-19', 'YYYY-MM-DD'), '00000003X');
INSERT INTO Enfrenta VALUES ('11111113X', '11111112X', 0, 1, TO_DATE('2015-04-23', 'YYYY-MM-DD'), '00000004X');

INSERT INTO Asiste VALUES ('11111111X', '11111112X', '00000001X');
INSERT INTO Asiste VALUES ('11111111X', '11111112X', '00000010X');
INSERT INTO Asiste VALUES ('11111111X', '11111112X', '00000002X');
INSERT INTO Asiste VALUES ('11111111X', '11111112X', '00000004X');
INSERT INTO Asiste VALUES ('11111111X', '11111112X', '00000007X');
INSERT INTO Asiste VALUES ('11111111X', '11111113X', '00000001X');
INSERT INTO Asiste VALUES ('11111111X', '11111113X', '00000002X');
INSERT INTO Asiste VALUES ('11111111X', '11111113X', '00000004X');
INSERT INTO Asiste VALUES ('11111111X', '11111113X', '00000010X');
INSERT INTO Asiste VALUES ('11111112X', '11111111X', '00000001X');
INSERT INTO Asiste VALUES ('11111112X', '11111111X', '00000010X');
INSERT INTO Asiste VALUES ('11111112X', '11111113X', '00000002X');
INSERT INTO Asiste VALUES ('11111113X', '11111111X', '00000006X');
INSERT INTO Asiste VALUES ('11111113X', '11111111X', '00000010X');